time,frequency_mhz,width_khz,peak,diff
20170322_050016,1.409500,17.000000,-16.574409,14.434353
20170322_050016,1.537500,13.000000,-23.634253,6.492527
20170322_050016,1.737000,54.000000,-21.380083,5.999699
20170322_050016,1.807500,15.000000,-21.944139,5.369938
20170322_050016,1.872000,16.000000,-21.706766,7.637056
20170322_050016,2.125000,34.000000,-26.713655,5.646219
20170322_050016,2.500500,39.000000,-25.788919,5.794180
